"Career Path","Description","Skills"
"Software Engineer","Develops software applications and systems using various programming languages and frameworks.","Java,Python,Spring Boot,JavaScript,C++,C#,Git,Agile,Scrum"
"Data Scientist","Analyzes large datasets to extract valuable insights and make data-driven decisions.","Python,R,Machine Learning,Data Analysis,Pandas,NumPy,SQL,Statistical Analysis,Data Visualization"
"Web Developer","Designs and develops web applications and websites, ensuring a seamless user experience.","HTML,CSS,JavaScript,React,Vue.js,Angular,Node.js,Responsive Design,Front-end Build Tools"
"Network Engineer","Manages and maintains computer networks to ensure optimal performance and security.","Networking,Cisco,TCP/IP,Firewall Configuration,VPN Configuration,Routing and Switching,Network Monitoring,Network Troubleshooting"
"Machine Learning Engineer","Builds machine learning models and deploys them for various applications.","Python,Machine Learning,Deep Learning,Natural Language Processing (NLP),TensorFlow,Keras,PyTorch,Model Deployment (Docker, Kubernetes),Reinforcement Learning,Computer Vision"
"Database Administrator","Manages and optimizes database systems to ensure data integrity and availability.","SQL,Database Management,Database Security,Data Backup and Recovery,Performance Tuning,NoSQL Databases,Database Design,ETL (Extract, Transform, Load)"
"DevOps Engineer","Automates and streamlines development and IT operations processes.","Docker,Kubernetes,CI/CD (Continuous Integration/Continuous Deployment),Infrastructure as Code (Terraform, Ansible),Monitoring and Logging,Container Orchestration,Cloud Services (AWS, Azure)"
"UX/UI Designer","Creates user-centric designs and prototypes for digital products.","User Experience Design,UI Prototyping,Wireframing,Usability Testing,Sketch,Figma,Adobe XD,Interaction Design,Visual Design"
"Cloud Solutions Architect","Designs and manages cloud-based infrastructure solutions for businesses.","Cloud Computing,AWS,Azure,Google Cloud,Architecture Design,Scalability,Security,DevOps Practices"
"Front-end Developer","Focuses on creating the user interface and user experience of web applications.","HTML,CSS,JavaScript,React,Vue.js,Responsive Design,Web Accessibility (WCAG),Cross-Browser Compatibility,Performance Optimization"
"AI Engineer","Designs and develops artificial intelligence solutions, including machine learning models and natural language processing applications.","Python,Machine Learning,Deep Learning,NLP,Computer Vision,TensorFlow,Keras,PyTorch,Data Science,Model Deployment"
"Game Developer","Creates interactive games for various platforms, focusing on game design, coding, and graphics.","Game Development,Unity,Unreal Engine,C#,C++,3D Modeling,Animation,Game Testing,Multiplayer Development"
"Architect","Designs and plans architectural structures and buildings, ensuring functionality, aesthetics, and safety.","Architectural Design,AutoCAD,3D Modeling,Construction Management,Structural Engineering,Sustainability,Building Codes"
"Civil Engineer","Engineers civil infrastructure such as roads, bridges, and buildings, ensuring structural integrity and compliance with regulations.","Civil Engineering,Structural Analysis,Geotechnical Engineering,Construction Management,AutoCAD,Project Planning"
"Electrical Engineer","Designs electrical systems and components, including circuits and power distribution systems.","Electrical Engineering,Circuit Design,Electronics,Power Systems,PLC Programming,Electrical Safety,Energy Efficiency"
"Mechanical Engineer","Focuses on the design and analysis of mechanical systems, machinery, and products.","Mechanical Engineering,3D Modeling,CAD,Manufacturing Processes,Finite Element Analysis,Thermodynamics,Fluid Dynamics"
"Chemical Engineer","Develops processes for chemical manufacturing, including the design and optimization of chemical reactions and production facilities.","Chemical Engineering,Process Design,Chemical Kinetics,Chemical Plant Operation,Material Science,Heat Transfer,Mass Transfer"
"Environmental Scientist","Studies the environment and its ecosystems, addressing issues like pollution, conservation, and sustainability.","Environmental Science,Ecology,Environmental Impact Assessment,GIS,Environmental Policy"
"Pharmacist","Dispenses medications and provides medication management services to patients, ensuring safe and effective drug use.","Pharmacy,Medication Dispensing,Pharmacology,Patient Counseling,Medication Therapy Management,Pharmacy Software"
"Nurse Practitioner","Provides advanced nursing care, including diagnosis, treatment, and preventive healthcare services to patients of all ages.","Nursing,Patient Care,Advanced Practice Nursing,Health Assessment,Primary Care,Patient Education,Telehealth"
"Physician","Diagnoses and treats illnesses and injuries in patients, specializing in various medical fields such as internal medicine, surgery, pediatrics, etc.","Medicine,Patient Diagnosis,Medical Treatment,Electronic Health Records (EHR),Medical Specialization,Diagnostic Equipment"
"Dentist","Provides oral health care services, including dental exams, cleanings, and various dental procedures.","Dentistry,Oral Health Care,Dental Procedures,Oral Surgery,Restorative Dentistry,Dental Radiology,Patient Education"
"Veterinarian","Treats and cares for animals, diagnosing and managing their health conditions.","Veterinary Medicine,Animal Care,Veterinary Surgery,Diagnosis and Treatment,Animal Nutrition,Diagnostic Imaging,Veterinary Pharmacology"
"Physical Therapist","Assists patients in recovering from physical injuries and disabilities, improving their mobility and function.","Physical Therapy,Rehabilitation,Manual Therapy,Exercise Prescription,Patient Evaluation,Orthopedics,Neurological Rehabilitation"
"Occupational Therapist","Helps individuals regain skills for daily living after injuries or disabilities, focusing on functional independence.","Occupational Therapy,Patient Treatment,Activities of Daily Living (ADL) Training,Adaptive Equipment,Functional Assessment,Rehabilitation Techniques,Sensory Integration"
"Psychologist","Diagnoses and treats mental health conditions, providing therapy and counseling to individuals and groups.","Psychology,Counseling,Therapy Techniques,Psychological Assessment,Mental Health Treatment,Cognitive-Behavioral Therapy (CBT),Mental Health Diagnosis"
"Lawyer","Practices law and provides legal advice to clients, representing them in legal proceedings and transactions.","Law,Legal Research,Legal Writing,Litigation,Legal Advocacy,Contract Law,Legal Consultation"
"Judge","Presides over legal proceedings, ensuring fair and impartial administration of justice in courtrooms.","Legal Judgment,Courtroom Proceedings,Legal Interpretation,Legal Decision-Making,Adjudication,Case Management,Legal Precedent"
"Police Officer","Maintains public safety, enforces laws, and investigates crimes to protect the community.","Law Enforcement,Crime Prevention,Criminal Investigation,Community Policing,Police Procedures,Evidence Collection,Patrol Tactics"
"Firefighter","Responds to fires and emergencies, extinguishing fires, providing medical aid, and protecting lives and property.","Firefighting,Emergency Response,Fire Suppression,Search and Rescue,Fire Safety,Incident Command,Hazmat Response"
"Paramedic","Provides emergency medical care in prehospital settings, responding to medical emergencies and accidents.","Paramedicine,Emergency Medical Care,Advanced Life Support (ALS),Patient Assessment,Medical Equipment,Cardiac Resuscitation,IV Administration"
"Chef","Prepares and cooks various dishes in restaurants and culinary establishments, focusing on flavor, presentation, and food safety.","Culinary Arts,Cooking Techniques,Menu Planning,Food Safety,Recipe Development,Knife Skills,Ingredient Sourcing"
"Sous Chef","Assists the head chef in managing the kitchen, supervising staff, and ensuring food quality and kitchen efficiency.","Culinary Skills,Kitchen Management,Menu Coordination,Food Preparation,Staff Training,Inventory Control,Creative Cooking"
"Baker","Specializes in baking bread, pastries, and desserts, ensuring quality and consistency in baked goods.","Baking,Pastry Making,Bread Production,Dough Preparation,Baking Equipment,Recipe Scaling,Food Hygiene"
"Waiter/Waitress","Provides customer service in restaurants, taking orders, serving meals, and ensuring an enjoyable dining experience.","Customer Service,Food Service,Order Taking,Table Setting,Menu Knowledge,Conflict Resolution,POS Systems"
"Bartender","Prepares and serves alcoholic and non-alcoholic beverages, often in bars and cocktail lounges.","Mixology,Cocktail Preparation,Beverage Knowledge,Bar Management,Customer Interaction,Inventory Control,Drink Recipes"
"Hotel Manager","Oversees the daily operations of hotels and lodging establishments, ensuring guest satisfaction and efficient hotel management.","Hotel Management,Hospitality,Guest Services,Staff Supervision,Revenue Management,Front Desk Operations,Quality Control"
"Event Planner","Coordinates and manages events, including weddings, conferences, and parties, to ensure successful and memorable occasions.","Event Planning,Event Coordination,Venue Selection,Vendor Management,Budgeting,Client Communication,Creative Design"
"Travel Agent","Assists clients in planning and booking travel arrangements, including flights, accommodations, and tours.","Travel Planning,Reservations,Destination Knowledge,Travel Agency Software,Itinerary Planning,Travel Regulations,Client Consultation"
"Tour Guide","Leads guided tours for tourists and visitors, providing information about historical, cultural, and natural attractions.","Guided Tours,Historical Knowledge,Customer Engagement,Communication Skills,Language Proficiency,Route Planning,Cultural Awareness"
"Librarian","Manages library collections, assists patrons, and organizes library resources.","Library Science,Cataloging,Information Retrieval,Reader Services,Database Management,Library Software,Reference Services"
"Museum Curator","Preserves and curates collections of art, artifacts, or historical items in museums and cultural institutions.","Museum Curation,Artifact Preservation,Collections Management,Exhibit Design,Art History,Archival Techniques,Research"
"Art Historian","Studies and analyzes artworks, styles, and art movements, often working in museums or academia.","Art History,Art Analysis,Art Criticism,Visual Culture"
"High School Teacher","Educates students in various subjects at the high school level, preparing them for college and beyond.","Teaching,Subject Expertise,Classroom Management,Lesson Planning,Student Assessment,Curriculum Development,Education Technology"
"College Professor","Teaches higher education courses and conducts research in academic institutions.","Higher Education,Research,Academic Instruction,Curriculum Design,Publication,Academic Advising,Student Mentorship"
"Elementary School Teacher","Instructs young students in foundational subjects and life skills at the elementary school level.","Elementary Education,Pedagogy,Classroom Engagement,Learning Assessment,Individualized Instruction,Early Childhood Development,Parent Communication"
"School Counselor","Provides guidance and support to students in educational settings, addressing academic and personal challenges.","Counseling,Student Support,Crisis Intervention,Individual Counseling,Group Counseling,College and Career Guidance,IEP Development"
"Principal","Leads and manages educational institutions, ensuring effective school administration and student success.","Educational Leadership,Administration,School Management,Strategic Planning,Staff Supervision,Community Engagement,Policy Implementation"
"Special Education Teacher","Educates students with disabilities, tailoring instruction to meet their individual needs.","Special Education,Individualized Instruction,IEP Development,Behavior Management,Assistive Technology,Inclusive Education,Special Needs Assessment"
"Speech Therapist","Assesses and treats speech and language disorders in individuals of all ages, helping them improve communication skills.","Speech Therapy,Language Disorders,Speech Assessment,Articulation Therapy,Voice Therapy,AAC (Augmentative and Alternative Communication),Early Intervention"
"Music Teacher","Teaches music to students, providing instruction in various instruments, voice, or music theory.","Music Education,Instrument Instruction,Music Theory,Lesson Planning,Performance Coaching,Music Pedagogy,Music Technology"
"Translator","Converts written or spoken content from one language to another while preserving its meaning and context.","Translation,Language Proficiency,Translation Software,Proofreading,Cultural Awareness,Interpreting,Specialized Vocabulary"
"Interpreter","Facilitates verbal communication between individuals who speak different languages, often in real-time settings.","Interpretation,Language Fluency,Consecutive Interpretation,Simultaneous Interpretation,Medical Interpreting,Legal Interpreting,Conference Interpreting"
"Flight Attendant","Ensures passenger safety and comfort on commercial flights, providing in-flight services and emergency response.","Airline Safety,Customer Service,In-Flight Services,First Aid,Cabin Crew Procedures,Emergency Evacuation,Passenger Communication"
"Pilot","Operates aircraft to transport passengers or cargo, following aviation regulations and safety protocols.","Aviation,Flight Operations,Aircraft Navigation,Instrument Flying,Flight Planning,Aircraft Systems,Communication"
"Astronomer","Studies celestial objects, phenomena, and the universe, conducting research and observations.","Astronomy,Celestial Observation,Telescope Operation,Data Analysis,Research Funding,Scientific Publishing,Space Exploration"
"Meteorologist","Analyzes and forecasts weather patterns and atmospheric conditions, providing weather information and warnings.","Meteorology,Weather Forecasting,Meteorological Instruments,Climate Science,Data Analysis,Computer Modeling,Severe Weather Prediction"
"Geologist","Studies the Earth's structure, composition, and processes, often working in fields like mineral exploration or environmental consulting.","Geology,Earth Sciences,Fieldwork,Geological Mapping,Geotechnical Engineering,Mineralogy,Environmental Geology"
"Biologist","Conducts research in the field of biology, studying living organisms and their interactions with the environment.","Biology,Laboratory Research,Fieldwork,Data Analysis,Genetics,Ecology,Evolutionary Biology"
"Ecologist","Focuses on the relationships between organisms and their environments, studying ecosystems and conservation.","Ecology,Environmental Conservation,Field Ecology,Ecosystem Analysis,Biodiversity Conservation,Wildlife Biology,Restoration Ecology"
"Marine Biologist","Studies marine life and ecosystems, conducting research on aquatic organisms and ocean conservation.","Marine Biology,Oceanography,Marine Research,Dive Certification,Coral Reef Ecology,Marine Conservation,Marine Data Analysis"
"Zoologist","Researches and studies animal behavior, physiology, and ecosystems, often working in conservation or wildlife management.","Zoology,Animal Research,Animal Behavior,Wildlife Conservation,Fieldwork,Population Ecology,Endangered Species Management"
"Botanist","Investigates plant life, studying plant species, growth, and ecology, often working in research or environmental conservation.","Botany,Plant Biology,Plant Taxonomy,Plant Physiology,Ecology,Conservation Biology,Herbarium Management"
"Mathematician","Conducts advanced mathematical research and develops mathematical models and theories.","Mathematics,Mathematical Modeling,Proofs and Theorems,Statistics,Algorithms,Mathematical Software,Applied Mathematics"
"Statistician","Applies statistical techniques to analyze and interpret data, providing insights and predictions.","Statistics,Data Analysis,Statistical Software,Hypothesis Testing,Experimental Design,Statistical Modeling,Data Visualization"
"Economist","Analyzes economic data and trends, providing insights into economic behavior and policy recommendations.","Economics,Economic Analysis,Econometrics,Macroeconomics,Microeconomics,Financial Modeling,Policy Analysis"
"Political Scientist","Studies political systems, behavior, and policies, often conducting research and analysis on political issues.","Political Science,Policy Analysis,Political Research,Quantitative Analysis,International Relations,Public Policy,Political Theory"
"Sociologist","Examines social behavior, institutions, and cultures, conducting sociological research and analysis.","Sociology,Social Research,Qualitative Research,Social Theory,Social Impact Assessment,Survey Design,Social Policy Analysis"
"Historian","Researches and analyzes historical events, periods, and trends, often contributing to our understanding of the past.","History,Historical Research,Archival Research,Primary Source Analysis,Historical Writing,Historiography,Period Specialization"
"Psychiatrist","Diagnoses and treats mental illnesses and disorders, often providing therapy and medication management.","Psychiatry,Mental Health Treatment,Psychiatric Evaluation,Psychotherapy,Pharmacotherapy,Diagnostic Assessment,Crisis Intervention"
"Neurosurgeon","Performs surgical procedures on the brain and nervous system, treating neurological conditions and disorders.","Neurosurgery,Surgical Procedures,Neurological Evaluation,Neuroimaging,Operating Room Skills,Patient Care,Medical Ethics"
"Cardiologist","Specializes in diagnosing and treating heart-related conditions and diseases.","Cardiology,Heart Health,Cardiac Imaging,Interventional Cardiology,Electrophysiology,Cardiac Rehabilitation,Cardiovascular Procedures"
"Oncologist","Focuses on the diagnosis and treatment of cancer, often specializing in specific cancer types or treatment methods.","Oncology,Cancer Treatment,Chemotherapy,Radiation Therapy,Medical Oncology,Genetic Testing,Patient Counseling"
"Radiologist","Interprets medical images (X-rays, MRIs, CT scans, etc.) to diagnose illnesses and injuries.","Radiology,Medical Imaging,Image Interpretation,Radiologic Technology,PACS Systems,Patient Care,Radiation Safety"
"Dermatologist","Specializes in diagnosing and treating skin conditions and diseases, including cosmetic dermatology procedures.","Dermatology,Skin Care,Medical Dermatology,Dermatologic Surgery,Laser Procedures,Cosmetic Dermatology,Mohs Surgery"
"Pathologist","Examines tissues and cells to diagnose diseases and conditions, often working in laboratory settings.","Pathology,Disease Diagnosis,Anatomic Pathology,Clinical Pathology,Medical Laboratory Techniques,Tissue Sampling,Diagnostic Reporting"
"Anesthesiologist","Administers anesthesia to patients undergoing surgery or medical procedures, monitoring their vital signs.","Anesthesiology,Anesthesia Administration,Intraoperative Care,Patient Safety,Anesthesia Technology,Perioperative Medicine,Pain Management"
"Phlebotomist","Collects blood samples from patients for laboratory testing, ensuring proper handling and labeling.","Phlebotomy,Blood Drawing,Infection Control,Medical Terminology,Laboratory Procedures,Specimen Handling,Quality Assurance"
"MRI Technician","Operates magnetic resonance imaging (MRI) machines, creating detailed images of the body's internal structures.","MRI Technology,Imaging,Medical Equipment Operation,Patient Care,Image Quality Assurance,Contrast Agents,Healthcare Regulations"
"Veterinary Technician","Assists veterinarians in providing medical care to animals, including conducting tests and administering treatments.","Veterinary Technology,Animal Care,Diagnostic Procedures,Anesthesia Monitoring,Pharmacy,Animal Nursing,Patient Handling"
"Dental Hygienist","Provides dental care services, including cleanings and preventive treatments, to maintain oral health.","Dental Hygiene,Oral Health,Periodontal Therapy,Dental Radiography,Patient Education,Infection Control,Oral Health Counseling"
"Physical Therapy Assistant","Assists physical therapists in providing rehabilitation and therapy to patients, helping them regain mobility and function.","Physical Therapy Assistance,Rehabilitation Techniques,Exercise Programs,Patient Care,Modalities,Documentation,Assessment"
"Medical Laboratory Technician","Performs medical laboratory tests and procedures to analyze patient samples.","Medical Lab Technology,Testing,Sample Processing,Clinical Laboratory Techniques,Quality Control,Lab Instrumentation,Data Entry"
"Radiation Therapist","Administers radiation therapy to cancer patients, following treatment plans developed by radiation oncologists.","Radiation Therapy,Cancer Treatment,Linear Accelerators,Patient Positioning,Radiation Safety,Simulation,Medical Records Management"
"Pharmacy Technician","Assists pharmacists in dispensing medications, managing inventory, and providing customer service.","Pharmacy Assistance,Medication Dispensing,Pharmacy Software,Prescription Processing,Inventory Control,Medication Safety,Pharmacy Regulations"
"Emergency Medical Technician","Provides emergency medical care and transportation to patients in critical situations.","Emergency Medical Care,Medical Assessment,Triage,Medical Equipment,Cardiopulmonary Resuscitation (CPR),Emergency Response,Scene Management"
"Environmental Engineer","Applies engineering principles to address environmental challenges, such as pollution control and sustainability.","Environmental Engineering,Water Quality Management,Environmental Impact Assessment,Air Pollution Control,Environmental Remediation,Sustainability Practices,Regulatory Compliance"
"Biomedical Engineer","Designs and develops medical equipment and devices, merging engineering and healthcare knowledge.","Biomedical Engineering,Medical Device Design,Regulatory Compliance,Biomechanics,Medical Imaging,Bioinformatics,Rehabilitation Engineering"
"Nutritionist/Dietitian","Provides nutrition advice and plans for individuals and groups, promoting healthy eating habits and managing dietary concerns.","Nutrition,Dietetics,Dietary Counseling,Menu Planning,Medical Nutrition Therapy,Health and Wellness Promotion,Food Science"
"Personal Trainer","Guides individuals in achieving fitness goals through exercise programs, coaching, and motivation.","Personal Training,Exercise Physiology,Physical Fitness Assessment,Strength Training,Cardiovascular Conditioning,Client Goal Setting,Nutrition Coaching"
"Physical Education Teacher","Instructs students in physical education classes, promoting physical fitness and healthy lifestyles.","Physical Education,Physical Fitness Instruction,Sports Coaching,Health Education,Curriculum Development,Youth Fitness Programs,Athletic Skills"
"Interior Designer","Plans and designs interior spaces, focusing on aesthetics, functionality, and client preferences.","Interior Design,Space Planning,Color Theory,Interior Architecture,Furniture Selection,Project Management,Client Consultation"
"Architectural Designer","Creates architectural plans and designs for buildings and structures, emphasizing aesthetics and functionality.","Architectural Design,AutoCAD,3D Modeling,Construction Documents,Building Codes,Sustainable Design,Architectural Visualization"
"Landscape Architect","Designs outdoor spaces, parks, and landscapes, incorporating natural elements and aesthetics.","Landscape Architecture,Landscape Design,Plant Selection,Site Planning,Ecological Restoration,Urban Design,Sustainability Practices"
"Urban Planner","Develops plans and strategies for urban development, land use, and infrastructure improvements.","Urban Planning,Land Use Planning,Zoning Regulations,Transportation Planning,Community Engagement,Spatial Analysis,Environmental Planning"
"Real Estate Agent","Assists clients in buying, selling, or renting residential or commercial properties, providing market expertise and negotiation skills.","Real Estate,Property Sales,Market Analysis,Client Representation,Real Estate Transactions,Property Valuation,Contract Negotiation"
"Financial Advisor","Offers financial planning and investment advice to clients, helping them achieve their financial goals.","Financial Planning,Investment Management,Retirement Planning,Asset Allocation,Wealth Management,Financial Risk Assessment,Tax Planning"
"Accountant","Manages financial records, prepares tax returns, and provides financial advice to individuals and businesses.","Accounting,Financial Reporting,Income Tax Preparation,Financial Analysis,Bookkeeping,Financial Auditing,GAAP (Generally Accepted Accounting Principles)"
"Actuary","Assesses financial risks and probabilities to provide data-driven insights for insurance companies and financial institutions.","Actuarial Science,Risk Assessment,Statistical Modeling,Insurance Pricing,Financial Mathematics,Predictive Modeling,Regulatory Compliance"
"Market Research Analyst","Collects and analyzes data to identify market trends and consumer behavior, supporting business decision-making.","Market Research,Data Analysis,Consumer Behavior Analysis,Market Segmentation,Statistical Analysis,Market Survey Design,Competitor Analysis"
"Advertising Manager","Oversees advertising campaigns and strategies for businesses and organizations, promoting products and services.","Advertising,Marketing Strategy,Media Planning,Creative Campaign Development,Brand Management,Ad Campaign Analysis,Digital Advertising"
"Public Relations Specialist","Manages communication between organizations and the public, building and maintaining a positive image.","Public Relations,Media Relations,Crisis Communication,Press Release Writing,Stakeholder Engagement,Social Media Management,Event Planning"
"Social Media Manager","Creates and manages social media content and campaigns to promote brands and engage with audiences.","Social Media Marketing,Content Creation,Social Media Analytics,Community Management,Influencer Collaboration,Online Reputation Management,Social Media Advertising"
"Content Marketing Manager","Develops and executes content marketing strategies to drive brand awareness and engagement.","Content Marketing,Content Strategy,Content Creation,SEO (Search Engine Optimization),Audience Segmentation,Performance Analytics,Content Distribution"
"SEO Specialist","Optimizes websites and online content to improve search engine rankings and visibility.","SEO (Search Engine Optimization),Keyword Research,On-Page SEO,Off-Page SEO,Technical SEO,SEO Analytics,Competitive Analysis"
"Cybersecurity Analyst","Monitors and protects computer systems and networks from cyber threats and security breaches.","Cybersecurity,Security Analysis,Intrusion Detection,Incident Response,Network Security,Security Tools and Software,Threat Assessment"
"Data Privacy Officer","Ensures compliance with data protection laws and regulations, managing data privacy and security measures.","Data Privacy,Data Protection Regulations,Privacy Policy Development,Data Security,Privacy Impact Assessments,Data Breach Response,Compliance Reporting"
"Software Quality Assurance Analyst","Tests and assesses software applications to identify and resolve defects, ensuring quality and functionality.","Software Testing,Test Automation,Quality Assurance Methodologies,Defect Tracking,Regression Testing,Test Documentation,Continuous Integration (CI)"
"Technical Writer","Creates technical documentation and manuals for software, products, and systems.","Technical Writing,Documentation,Technical Communication,User Manuals,API Documentation,Content Management Tools,Subject Matter Expertise"
"Graphic Designer","Designs visual content for print and digital media, including logos, illustrations, and layouts.","Graphic Design,Adobe Creative Suite,Visual Communication,Typography,Brand Identity,Print Design,Web Design"
"Video Editor","Edits and assembles video footage and content for various media, including films, commercials, and online videos.","Video Editing,Video Production,Video Software,Visual Storytelling,Post-Production Techniques,Audio Editing,Color Correction"
"Sound Engineer","Records, mixes, and masters audio for music, film, television, or live events, ensuring high-quality sound production.","Sound Engineering,Audio Recording,Audio Mixing,Sound Editing,Studio Equipment,Live Sound Reinforcement,Acoustics"
"Industrial Designer","Creates product designs that are both functional and aesthetically pleasing, often focusing on consumer goods.","Industrial Design,Product Design,Prototyping,3D Modeling,Materials Science,Ergonomics,Sustainability Design"
"Environmental Engineer","Applies engineering principles to address environmental challenges, such as pollution control and sustainability.","Environmental Engineering,Water Quality Management,Environmental Impact Assessment,Air Pollution Control,Environmental Remediation,Sustainability Practices,Regulatory Compliance"
"Biomedical Engineer","Designs and develops medical equipment and devices, merging engineering and healthcare knowledge.","Biomedical Engineering,Medical Device Design,Regulatory Compliance,Biomechanics,Medical Imaging,Bioinformatics,Rehabilitation Engineering"
"Nutritionist/Dietitian","Provides nutrition advice and plans for individuals and groups, promoting healthy eating habits and managing dietary concerns.","Nutrition,Dietetics,Dietary Counseling,Menu Planning,Medical Nutrition Therapy,Health and Wellness Promotion,Food Science"
"Personal Trainer","Guides individuals in achieving fitness goals through exercise programs, coaching, and motivation.","Personal Training,Exercise Physiology,Physical Fitness Assessment,Strength Training,Cardiovascular Conditioning,Client Goal Setting,Nutrition Coaching"
"Physical Education Teacher","Instructs students in physical education classes, promoting physical fitness and healthy lifestyles.","Physical Education,Physical Fitness Instruction,Sports Coaching,Health Education,Curriculum Development,Youth Fitness Programs,Athletic Skills"
"Interior Designer","Plans and designs interior spaces, focusing on aesthetics, functionality, and client preferences.","Interior Design,Space Planning,Color Theory,Interior Architecture,Furniture Selection,Project Management,Client Consultation"
"Architectural Designer","Creates architectural plans and designs for buildings and structures, emphasizing aesthetics and functionality.","Architectural Design,AutoCAD,3D Modeling,Construction Documents,Building Codes,Sustainable Design,Architectural Visualization"
"Landscape Architect","Designs outdoor spaces, parks, and landscapes, incorporating natural elements and aesthetics.","Landscape Architecture,Landscape Design,Plant Selection,Site Planning,Ecological Restoration,Urban Design,Sustainability Practices"
"Urban Planner","Develops plans and strategies for urban development, land use, and infrastructure improvements.","Urban Planning,Land Use Planning,Zoning Regulations,Transportation Planning,Community Engagement,Spatial Analysis,Environmental Planning"
"Real Estate Agent","Assists clients in buying, selling, or renting residential or commercial properties, providing market expertise and negotiation skills.","Real Estate,Property Sales,Market Analysis,Client Representation,Real Estate Transactions,Property Valuation,Contract Negotiation"
"Financial Advisor","Offers financial planning and investment advice to clients, helping them achieve their financial goals.","Financial Planning,Investment Management,Retirement Planning,Asset Allocation,Wealth Management,Financial Risk Assessment,Tax Planning"
"Accountant","Manages financial records, prepares tax returns, and provides financial advice to individuals and businesses.","Accounting,Financial Reporting,Income Tax Preparation,Financial Analysis,Bookkeeping,Financial Auditing,GAAP (Generally Accepted Accounting Principles)"
"Actuary","Assesses financial risks and probabilities to provide data-driven insights for insurance companies and financial institutions.","Actuarial Science,Risk Assessment,Statistical Modeling,Insurance Pricing,Financial Mathematics,Predictive Modeling,Regulatory Compliance"
"Market Research Analyst","Collects and analyzes data to identify market trends and consumer behavior, supporting business decision-making.","Market Research,Data Analysis,Consumer Behavior Analysis,Market Segmentation,Statistical Analysis,Market Survey Design,Competitor Analysis"
"Advertising Manager","Oversees advertising campaigns and strategies for businesses and organizations, promoting products and services.","Advertising,Marketing Strategy,Media Planning,Creative Campaign Development,Brand Management,Ad Campaign Analysis,Digital Advertising"
"Public Relations Specialist","Manages communication between organizations and the public, building and maintaining a positive image.","Public Relations,Media Relations,Crisis Communication,Press Release Writing,Stakeholder Engagement,Social Media Management,Event Planning"
"Social Media Manager","Creates and manages social media content and campaigns to promote brands and engage with audiences.","Social Media Marketing,Content Creation,Social Media Analytics,Community Management,Influencer Collaboration,Online Reputation Management,Social Media Advertising"
"Content Marketing Manager","Develops and executes content marketing strategies to drive brand awareness and engagement.","Content Marketing,Content Strategy,Content Creation,SEO (Search Engine Optimization),Audience Segmentation,Performance Analytics,Content Distribution"
"SEO Specialist","Optimizes websites and online content to improve search engine rankings and visibility.","SEO (Search Engine Optimization),Keyword Research,On-Page SEO,Off-Page SEO,Technical SEO,SEO Analytics,Competitive Analysis"
"Cybersecurity Analyst","Monitors and protects computer systems and networks from cyber threats and security breaches.","Cybersecurity,Security Analysis,Intrusion Detection,Incident Response,Network Security,Security Tools and Software,Threat Assessment"
"Data Privacy Officer","Ensures compliance with data protection laws and regulations, managing data privacy and security measures.","Data Privacy,Data Protection Regulations,Privacy Policy Development,Data Security,Privacy Impact Assessments,Data Breach Response,Compliance Reporting"
"Software Quality Assurance Analyst","Tests and assesses software applications to identify and resolve defects, ensuring quality and functionality.","Software Testing,Test Automation,Quality Assurance Methodologies,Defect Tracking,Regression Testing,Test Documentation,Continuous Integration (CI)"
"Technical Writer","Creates technical documentation and manuals for software, products, and systems.","Technical Writing,Documentation,Technical Communication,User Manuals,API Documentation,Content Management Tools,Subject Matter Expertise"
"Graphic Designer","Designs visual content for print and digital media, including logos, illustrations, and layouts.","Graphic Design,Adobe Creative Suite,Visual Communication,Typography,Brand Identity,Print Design,Web Design"
"Video Editor","Edits and assembles video footage and content for various media, including films, commercials, and online videos.","Video Editing,Video Production,Video Software,Visual Storytelling,Post-Production Techniques,Audio Editing,Color Correction"
"Sound Engineer","Records, mixes, and masters audio for music, film, television, or live events, ensuring high-quality sound production.","Sound Engineering,Audio Recording,Audio Mixing,Sound Editing,Studio Equipment,Live Sound Reinforcement,Acoustics"
"Industrial Designer","Creates product designs that are both functional and aesthetically pleasing, often focusing on consumer goods.","Industrial Design,Product Design,Prototyping,3D Modeling,Materials Science,Ergonomics,Sustainability Design"
"Artist","Creates visual or performing art, expressing ideas, emotions, or stories through various mediums.","Visual Arts,Painting,Drawing,Sculpture,Digital Art,Illustration,Printmaking,Photography,Mixed Media,Fine Arts,Performing Arts,Music,Acting,Dance,Theater,Singing,Visual Storytelling,Composition,Artistic Expression,Art History,Art Critique,Art Exhibitions"